--Player

INSERT INTO PLAYER(PLAYER_NUM , PLAYER_NAME )
VALUES(1,'Yancong Han');
INSERT INTO PLAYER(PLAYER_NUM , PLAYER_NAME )
VALUES(2,'Michael Jordan');
INSERT INTO PLAYER(PLAYER_NUM , PLAYER_NAME )
VALUES(3,'Scarlett Johansson');
INSERT INTO PLAYER(PLAYER_NUM , PLAYER_NAME )
VALUES(4,'Hidetaka Miyazaki');

--Rank

INSERT INTO RANK(RANK_NUM , RANK_NAME , RANK_DISCOUNT )
VALUES(1,'Gold',0.7);
INSERT INTO RANK(RANK_NUM , RANK_NAME , RANK_DISCOUNT )
VALUES(2,'Silver',0.9);
INSERT INTO RANK(RANK_NUM , RANK_NAME , RANK_DISCOUNT )
VALUES(3,'Normal',1);

--Account

INSERT INTO ACCOUNT(ACCOUNT_NUM , PLAYER_NUM , PASSWORD , BALANCE , RANK_NUM )
VALUES(1,1,'han123',1234,1);
INSERT INTO ACCOUNT(ACCOUNT_NUM , PLAYER_NUM , PASSWORD , BALANCE , RANK_NUM )
VALUES(2,2,'Basketball star',700,2);
INSERT INTO ACCOUNT(ACCOUNT_NUM , PLAYER_NUM , PASSWORD , BALANCE , RANK_NUM )
VALUES(4,4,'Beast',0,3);

--Studio

INSERT INTO STUDIO(STUDIO_NUM , STUDIO_NAME , STUDIO_PHONE )
VALUES(1,'Fromsoftware',6178182415);
INSERT INTO STUDIO(STUDIO_NUM , STUDIO_NAME , STUDIO_PHONE )
VALUES(2,'Ubisoft',6173141235);
INSERT INTO STUDIO(STUDIO_NUM , STUDIO_NAME , STUDIO_PHONE )
VALUES(3,'CD Projekt Red',6178181512);

--Designer

INSERT INTO DESIGNER(DESIGNER_NUM , DESIGNER_NAME , STUDIO_NUM )
VALUES(1,'Hidetaka Miyazaki',1);
INSERT INTO DESIGNER(DESIGNER_NUM , DESIGNER_NAME , STUDIO_NUM )
VALUES(2,'Alain Corre',2);
INSERT INTO DESIGNER(DESIGNER_NUM , DESIGNER_NAME , STUDIO_NUM )
VALUES(3,'Yves Guillemot',2);
INSERT INTO DESIGNER(DESIGNER_NUM , DESIGNER_NAME , STUDIO_NUM )
VALUES(4,'Marcin Iwiński',3);

--Game

INSERT INTO GAME(GAME_NUM , STUDIO_NUM , GAME_NAME , CONSOLE_NAME , PRICE , TYPE )
VALUES(1,1,'Dark Souls II','PC',98,'ACT');
INSERT INTO GAME(GAME_NUM , STUDIO_NUM , GAME_NAME , CONSOLE_NAME , PRICE , TYPE )
VALUES(2,1,'Dark Souls III','PC',128,'ACT');
INSERT INTO GAME(GAME_NUM , STUDIO_NUM , GAME_NAME , CONSOLE_NAME , PRICE , TYPE )
VALUES(3,1,'Dark Souls II','PS4',98,'ACT');
INSERT INTO GAME(GAME_NUM , STUDIO_NUM , GAME_NAME , CONSOLE_NAME , PRICE , TYPE )
VALUES(4,1,'Dark Souls III','PS4',158,'ACT');
INSERT INTO GAME(GAME_NUM , STUDIO_NUM , GAME_NAME , CONSOLE_NAME , PRICE , TYPE )
VALUES(5,2,'Assassin‘s Greed','PC',98,'ACT');
INSERT INTO GAME(GAME_NUM , STUDIO_NUM , GAME_NAME , CONSOLE_NAME , PRICE , TYPE )
VALUES(6,2,'Assassin‘s Greed','Wii',138,'ACT');
INSERT INTO GAME(GAME_NUM , STUDIO_NUM , GAME_NAME , CONSOLE_NAME , PRICE , TYPE )
VALUES(7,2,'Rainbow Six：Siege','PS4',88,'FPS');
INSERT INTO GAME(GAME_NUM , STUDIO_NUM , GAME_NAME , CONSOLE_NAME , PRICE , TYPE )
VALUES(8,2,'Rainbow Six：Siege','Wii',128,'FPS');
INSERT INTO GAME(GAME_NUM , STUDIO_NUM , GAME_NAME , CONSOLE_NAME , PRICE , TYPE )
VALUES(9,3,'The Witcher 3: Wild Hunt','PC',128,'RPG');
INSERT INTO GAME(GAME_NUM , STUDIO_NUM , GAME_NAME , CONSOLE_NAME , PRICE , TYPE )
VALUES(10,3,'The Witcher 3: Wild Hunt','XBOX ONE',158,'RPG');
INSERT INTO GAME(GAME_NUM , STUDIO_NUM , GAME_NAME , CONSOLE_NAME , PRICE , TYPE )
VALUES(11,3,'The Witcher 3: Wild Hunt','PS4',158,'RPG');

--Price history

INSERT INTO PRICE_HISTORY(HISTORY_NUM , GAME_NUM , OLD_PRICE , NEW_PRICE )
VALUES(49,10,138,158);
INSERT INTO PRICE_HISTORY(HISTORY_NUM , GAME_NUM , OLD_PRICE , NEW_PRICE )
VALUES(50,11,168,158);

--Shopping cart

INSERT INTO Shopping_cart(ACCOUNT_NUM, GAME_NUM )
VALUES(1,1);
INSERT INTO Shopping_cart(ACCOUNT_NUM, GAME_NUM )
VALUES(1,2);
INSERT INTO Shopping_cart(ACCOUNT_NUM, GAME_NUM )
VALUES(2,7)


--Shopping history

INSERT INTO Shopping_history(SHOPPING_NUM,TOTAL,SHOPPING_DATE,ACCOUNT_NUM)
VALUES(99,88,to_char(sysdate),2);

--Shopping detail

INSERT INTO Shopping_detail(SHOPPING_NUM,GAME_NUM,PRICE_W_TAX)
VALUES(99,7,88);
